True,1558040818.0273983,"[tensor(0.5000), tensor(0.0100), tensor(0.2000)]",0,1558040818.1630297,161.3432641029358,"tensor(-0.0050, requires_grad=True)","tensor(0.9950, requires_grad=True)","tensor(0.9950, requires_grad=True)"
True,1558040818.0273983,"[tensor(0.5000), tensor(0.0100), tensor(0.2000)]",10,1558040819.5363598,170.05547904968262,"tensor(0.0020, requires_grad=True)","tensor(0.9911, requires_grad=True)","tensor(0.9835, requires_grad=True)"
True,1558040818.0273983,"[tensor(0.5000), tensor(0.0100), tensor(0.2000)]",20,1558040820.8353956,168.81057596206665,"tensor(0.0137, requires_grad=True)","tensor(0.9773, requires_grad=True)","tensor(0.9678, requires_grad=True)"
True,1558040818.0273983,"[tensor(0.5000), tensor(0.0100), tensor(0.2000)]",30,1558040822.0264466,167.04066038131714,"tensor(0.0153, requires_grad=True)","tensor(0.9591, requires_grad=True)","tensor(0.9521, requires_grad=True)"
True,1558040818.0273983,"[tensor(0.5000), tensor(0.0100), tensor(0.2000)]",40,1558040823.2222495,164.10234832763672,"tensor(0.0247, requires_grad=True)","tensor(0.9425, requires_grad=True)","tensor(0.9426, requires_grad=True)"
True,1558040818.0273983,"[tensor(0.5000), tensor(0.0100), tensor(0.2000)]",50,1558040824.3891306,160.9993109703064,"tensor(0.0392, requires_grad=True)","tensor(0.9214, requires_grad=True)","tensor(0.9249, requires_grad=True)"
True,1558040818.0273983,"[tensor(0.5000), tensor(0.0100), tensor(0.2000)]",60,1558040825.5360665,160.45649099349976,"tensor(0.0319, requires_grad=True)","tensor(0.8966, requires_grad=True)","tensor(0.9021, requires_grad=True)"
True,1558040818.0273983,"[tensor(0.5000), tensor(0.0100), tensor(0.2000)]",70,1558040826.6341317,157.34143209457397,"tensor(0.0422, requires_grad=True)","tensor(0.9011, requires_grad=True)","tensor(0.9106, requires_grad=True)"
True,1558040818.0273983,"[tensor(0.5000), tensor(0.0100), tensor(0.2000)]",80,1558040827.7331932,154.58667516708374,"tensor(0.0489, requires_grad=True)","tensor(0.8927, requires_grad=True)","tensor(0.9077, requires_grad=True)"
True,1558040818.0273983,"[tensor(0.5000), tensor(0.0100), tensor(0.2000)]",90,1558040828.8372438,163.89900922775269,"tensor(0.0450, requires_grad=True)","tensor(0.8739, requires_grad=True)","tensor(0.8937, requires_grad=True)"
True,1558040818.0273983,"[tensor(0.5000), tensor(0.0100), tensor(0.2000)]",100,1558040829.965228,151.81804037094116,"tensor(0.0574, requires_grad=True)","tensor(0.8607, requires_grad=True)","tensor(0.8817, requires_grad=True)"
True,1558040818.0273983,"[tensor(0.5000), tensor(0.0100), tensor(0.2000)]",110,1558040831.110168,154.06788158416748,"tensor(0.0714, requires_grad=True)","tensor(0.8476, requires_grad=True)","tensor(0.8746, requires_grad=True)"
True,1558040818.0273983,"[tensor(0.5000), tensor(0.0100), tensor(0.2000)]",120,1558040832.254111,142.3192400932312,"tensor(0.0719, requires_grad=True)","tensor(0.8296, requires_grad=True)","tensor(0.8587, requires_grad=True)"
True,1558040818.0273983,"[tensor(0.5000), tensor(0.0100), tensor(0.2000)]",130,1558040833.381099,146.261004447937,"tensor(0.0881, requires_grad=True)","tensor(0.8316, requires_grad=True)","tensor(0.8560, requires_grad=True)"
True,1558040818.0273983,"[tensor(0.5000), tensor(0.0100), tensor(0.2000)]",140,1558040834.4791656,155.08820343017578,"tensor(0.0939, requires_grad=True)","tensor(0.8108, requires_grad=True)","tensor(0.8357, requires_grad=True)"
True,1558040818.0273983,"[tensor(0.5000), tensor(0.0100), tensor(0.2000)]",150,1558040835.6580157,149.50380086898804,"tensor(0.0956, requires_grad=True)","tensor(0.7925, requires_grad=True)","tensor(0.8163, requires_grad=True)"
True,1558040818.0273983,"[tensor(0.5000), tensor(0.0100), tensor(0.2000)]",160,1558040836.7590714,146.82025623321533,"tensor(0.1204, requires_grad=True)","tensor(0.7922, requires_grad=True)","tensor(0.8132, requires_grad=True)"
True,1558040818.0273983,"[tensor(0.5000), tensor(0.0100), tensor(0.2000)]",170,1558040837.8990254,145.0332646369934,"tensor(0.1197, requires_grad=True)","tensor(0.7731, requires_grad=True)","tensor(0.7913, requires_grad=True)"
True,1558040818.0273983,"[tensor(0.5000), tensor(0.0100), tensor(0.2000)]",180,1558040839.0649102,160.52354907989502,"tensor(0.1263, requires_grad=True)","tensor(0.7461, requires_grad=True)","tensor(0.7700, requires_grad=True)"
True,1558040818.0273983,"[tensor(0.5000), tensor(0.0100), tensor(0.2000)]",190,1558040840.2647042,146.31105422973633,"tensor(0.1470, requires_grad=True)","tensor(0.7457, requires_grad=True)","tensor(0.7749, requires_grad=True)"
True,1558040818.0273983,"[tensor(0.5000), tensor(0.0100), tensor(0.2000)]",200,1558040841.362768,142.8879566192627,"tensor(0.1421, requires_grad=True)","tensor(0.7249, requires_grad=True)","tensor(0.7567, requires_grad=True)"
True,1558040818.0273983,"[tensor(0.5000), tensor(0.0100), tensor(0.2000)]",210,1558040842.5116985,150.0359697341919,"tensor(0.1549, requires_grad=True)","tensor(0.7212, requires_grad=True)","tensor(0.7491, requires_grad=True)"
True,1558040818.0273983,"[tensor(0.5000), tensor(0.0100), tensor(0.2000)]",220,1558040843.6396832,137.73821592330933,"tensor(0.1627, requires_grad=True)","tensor(0.7223, requires_grad=True)","tensor(0.7447, requires_grad=True)"
True,1558040818.0273983,"[tensor(0.5000), tensor(0.0100), tensor(0.2000)]",230,1558040844.7447305,158.76507472991943,"tensor(0.1706, requires_grad=True)","tensor(0.7170, requires_grad=True)","tensor(0.7387, requires_grad=True)"
True,1558040818.0273983,"[tensor(0.5000), tensor(0.0100), tensor(0.2000)]",240,1558040845.8348172,147.25462436676025,"tensor(0.1781, requires_grad=True)","tensor(0.7041, requires_grad=True)","tensor(0.7289, requires_grad=True)"
True,1558040818.0273983,"[tensor(0.5000), tensor(0.0100), tensor(0.2000)]",250,1558040846.9368706,140.99453163146973,"tensor(0.1827, requires_grad=True)","tensor(0.6921, requires_grad=True)","tensor(0.7143, requires_grad=True)"
True,1558040818.0273983,"[tensor(0.5000), tensor(0.0100), tensor(0.2000)]",260,1558040848.0479016,146.56272220611572,"tensor(0.1806, requires_grad=True)","tensor(0.6710, requires_grad=True)","tensor(0.6891, requires_grad=True)"
True,1558040818.0273983,"[tensor(0.5000), tensor(0.0100), tensor(0.2000)]",270,1558040849.1439734,130.72109413146973,"tensor(0.1974, requires_grad=True)","tensor(0.6712, requires_grad=True)","tensor(0.6896, requires_grad=True)"
True,1558040818.0273983,"[tensor(0.5000), tensor(0.0100), tensor(0.2000)]",280,1558040850.2869184,130.9215407371521,"tensor(0.1933, requires_grad=True)","tensor(0.6596, requires_grad=True)","tensor(0.6774, requires_grad=True)"
True,1558040818.0273983,"[tensor(0.5000), tensor(0.0100), tensor(0.2000)]",290,1558040851.4139056,146.04881381988525,"tensor(0.1854, requires_grad=True)","tensor(0.6492, requires_grad=True)","tensor(0.6677, requires_grad=True)"
True,1558040818.0273983,"[tensor(0.5000), tensor(0.0100), tensor(0.2000)]",300,1558040852.570814,142.38545560836792,"tensor(0.2013, requires_grad=True)","tensor(0.6597, requires_grad=True)","tensor(0.6807, requires_grad=True)"
True,1558040818.0273983,"[tensor(0.5000), tensor(0.0100), tensor(0.2000)]",310,1558040853.7227361,142.86393308639526,"tensor(0.2051, requires_grad=True)","tensor(0.6399, requires_grad=True)","tensor(0.6655, requires_grad=True)"
True,1558040818.0273983,"[tensor(0.5000), tensor(0.0100), tensor(0.2000)]",320,1558040854.9025843,143.79300212860107,"tensor(0.2149, requires_grad=True)","tensor(0.6249, requires_grad=True)","tensor(0.6466, requires_grad=True)"
True,1558040818.0273983,"[tensor(0.5000), tensor(0.0100), tensor(0.2000)]",330,1558040856.0924022,140.2040309906006,"tensor(0.2272, requires_grad=True)","tensor(0.6201, requires_grad=True)","tensor(0.6390, requires_grad=True)"
True,1558040818.0273983,"[tensor(0.5000), tensor(0.0100), tensor(0.2000)]",340,1558040857.2014382,145.9568853378296,"tensor(0.2280, requires_grad=True)","tensor(0.6005, requires_grad=True)","tensor(0.6264, requires_grad=True)"
True,1558040818.0273983,"[tensor(0.5000), tensor(0.0100), tensor(0.2000)]",350,1558040858.3413923,138.04999446868896,"tensor(0.2362, requires_grad=True)","tensor(0.5966, requires_grad=True)","tensor(0.6259, requires_grad=True)"
True,1558040818.0273983,"[tensor(0.5000), tensor(0.0100), tensor(0.2000)]",360,1558040859.4564118,141.82946491241455,"tensor(0.2459, requires_grad=True)","tensor(0.5869, requires_grad=True)","tensor(0.6179, requires_grad=True)"
True,1558040818.0273983,"[tensor(0.5000), tensor(0.0100), tensor(0.2000)]",370,1558040860.65521,132.23185777664185,"tensor(0.2553, requires_grad=True)","tensor(0.5729, requires_grad=True)","tensor(0.6019, requires_grad=True)"
True,1558040818.0273983,"[tensor(0.5000), tensor(0.0100), tensor(0.2000)]",380,1558040861.799151,130.37220335006714,"tensor(0.2619, requires_grad=True)","tensor(0.5582, requires_grad=True)","tensor(0.5842, requires_grad=True)"
True,1558040818.0273983,"[tensor(0.5000), tensor(0.0100), tensor(0.2000)]",390,1558040862.9032001,128.08076286315918,"tensor(0.2711, requires_grad=True)","tensor(0.5533, requires_grad=True)","tensor(0.5814, requires_grad=True)"
True,1558040818.0273983,"[tensor(0.5000), tensor(0.0100), tensor(0.2000)]",400,1558040864.087037,137.95924425125122,"tensor(0.2667, requires_grad=True)","tensor(0.5434, requires_grad=True)","tensor(0.5760, requires_grad=True)"
True,1558040818.0273983,"[tensor(0.5000), tensor(0.0100), tensor(0.2000)]",410,1558040865.1771233,134.06449031829834,"tensor(0.2824, requires_grad=True)","tensor(0.5402, requires_grad=True)","tensor(0.5782, requires_grad=True)"
True,1558040818.0273983,"[tensor(0.5000), tensor(0.0100), tensor(0.2000)]",420,1558040866.2781818,122.98593330383301,"tensor(0.2839, requires_grad=True)","tensor(0.5191, requires_grad=True)","tensor(0.5648, requires_grad=True)"
True,1558040818.0273983,"[tensor(0.5000), tensor(0.0100), tensor(0.2000)]",430,1558040867.4640121,121.33927822113037,"tensor(0.2902, requires_grad=True)","tensor(0.5122, requires_grad=True)","tensor(0.5626, requires_grad=True)"
True,1558040818.0273983,"[tensor(0.5000), tensor(0.0100), tensor(0.2000)]",440,1558040868.6288989,136.07587671279907,"tensor(0.3008, requires_grad=True)","tensor(0.5093, requires_grad=True)","tensor(0.5653, requires_grad=True)"
True,1558040818.0273983,"[tensor(0.5000), tensor(0.0100), tensor(0.2000)]",450,1558040869.8247035,130.89895391464233,"tensor(0.2884, requires_grad=True)","tensor(0.4888, requires_grad=True)","tensor(0.5514, requires_grad=True)"
True,1558040818.0273983,"[tensor(0.5000), tensor(0.0100), tensor(0.2000)]",460,1558040870.9995637,128.89204263687134,"tensor(0.2942, requires_grad=True)","tensor(0.4867, requires_grad=True)","tensor(0.5537, requires_grad=True)"
True,1558040818.0273983,"[tensor(0.5000), tensor(0.0100), tensor(0.2000)]",470,1558040872.1255543,126.46998500823975,"tensor(0.2998, requires_grad=True)","tensor(0.4802, requires_grad=True)","tensor(0.5495, requires_grad=True)"
True,1558040818.0273983,"[tensor(0.5000), tensor(0.0100), tensor(0.2000)]",480,1558040873.2585254,127.94900751113892,"tensor(0.3075, requires_grad=True)","tensor(0.4774, requires_grad=True)","tensor(0.5472, requires_grad=True)"
True,1558040818.0273983,"[tensor(0.5000), tensor(0.0100), tensor(0.2000)]",490,1558040874.368559,116.10893392562866,"tensor(0.3156, requires_grad=True)","tensor(0.4707, requires_grad=True)","tensor(0.5411, requires_grad=True)"
True,1558040818.0273983,"[tensor(0.5000), tensor(0.0100), tensor(0.2000)]",500,1558040875.468619,112.40754652023315,"tensor(0.3225, requires_grad=True)","tensor(0.4583, requires_grad=True)","tensor(0.5289, requires_grad=True)"
True,1558040818.0273983,"[tensor(0.5000), tensor(0.0100), tensor(0.2000)]",510,1558040876.5826416,123.12816572189331,"tensor(0.3275, requires_grad=True)","tensor(0.4403, requires_grad=True)","tensor(0.5203, requires_grad=True)"
True,1558040818.0273983,"[tensor(0.5000), tensor(0.0100), tensor(0.2000)]",520,1558040877.687688,122.61236381530762,"tensor(0.3345, requires_grad=True)","tensor(0.4312, requires_grad=True)","tensor(0.5145, requires_grad=True)"
True,1558040818.0273983,"[tensor(0.5000), tensor(0.0100), tensor(0.2000)]",530,1558040878.8047032,121.81053447723389,"tensor(0.3400, requires_grad=True)","tensor(0.4201, requires_grad=True)","tensor(0.5080, requires_grad=True)"
True,1558040818.0273983,"[tensor(0.5000), tensor(0.0100), tensor(0.2000)]",540,1558040879.9117446,119.29960060119629,"tensor(0.3395, requires_grad=True)","tensor(0.4152, requires_grad=True)","tensor(0.5078, requires_grad=True)"
True,1558040818.0273983,"[tensor(0.5000), tensor(0.0100), tensor(0.2000)]",550,1558040881.0477087,126.90825414657593,"tensor(0.3414, requires_grad=True)","tensor(0.4056, requires_grad=True)","tensor(0.4990, requires_grad=True)"
True,1558040818.0273983,"[tensor(0.5000), tensor(0.0100), tensor(0.2000)]",560,1558040882.149763,120.99622631072998,"tensor(0.3554, requires_grad=True)","tensor(0.3995, requires_grad=True)","tensor(0.5046, requires_grad=True)"
True,1558040818.0273983,"[tensor(0.5000), tensor(0.0100), tensor(0.2000)]",570,1558040883.3648539,108.27148246765137,"tensor(0.3612, requires_grad=True)","tensor(0.3926, requires_grad=True)","tensor(0.4991, requires_grad=True)"
True,1558040818.0273983,"[tensor(0.5000), tensor(0.0100), tensor(0.2000)]",580,1558040884.6444345,115.84555768966675,"tensor(0.3525, requires_grad=True)","tensor(0.3915, requires_grad=True)","tensor(0.4869, requires_grad=True)"
True,1558040818.0273983,"[tensor(0.5000), tensor(0.0100), tensor(0.2000)]",590,1558040885.969895,122.00746393203735,"tensor(0.3583, requires_grad=True)","tensor(0.3965, requires_grad=True)","tensor(0.4921, requires_grad=True)"
True,1558040818.0273983,"[tensor(0.5000), tensor(0.0100), tensor(0.2000)]",600,1558040887.0699556,122.7334656715393,"tensor(0.3618, requires_grad=True)","tensor(0.4033, requires_grad=True)","tensor(0.4980, requires_grad=True)"
True,1558040818.0273983,"[tensor(0.5000), tensor(0.0100), tensor(0.2000)]",610,1558040888.2428212,116.7233476638794,"tensor(0.3589, requires_grad=True)","tensor(0.3889, requires_grad=True)","tensor(0.4897, requires_grad=True)"
True,1558040818.0273983,"[tensor(0.5000), tensor(0.0100), tensor(0.2000)]",620,1558040889.345872,121.15899562835693,"tensor(0.3729, requires_grad=True)","tensor(0.3824, requires_grad=True)","tensor(0.4908, requires_grad=True)"
True,1558040818.0273983,"[tensor(0.5000), tensor(0.0100), tensor(0.2000)]",630,1558040890.4878209,118.5980110168457,"tensor(0.3790, requires_grad=True)","tensor(0.3687, requires_grad=True)","tensor(0.4898, requires_grad=True)"
True,1558040818.0273983,"[tensor(0.5000), tensor(0.0100), tensor(0.2000)]",640,1558040891.5978546,116.9875340461731,"tensor(0.3776, requires_grad=True)","tensor(0.3661, requires_grad=True)","tensor(0.4850, requires_grad=True)"
True,1558040818.0273983,"[tensor(0.5000), tensor(0.0100), tensor(0.2000)]",650,1558040892.7029002,109.60901498794556,"tensor(0.3739, requires_grad=True)","tensor(0.3589, requires_grad=True)","tensor(0.4815, requires_grad=True)"
True,1558040818.0273983,"[tensor(0.5000), tensor(0.0100), tensor(0.2000)]",660,1558040893.8019638,121.67352151870728,"tensor(0.3851, requires_grad=True)","tensor(0.3636, requires_grad=True)","tensor(0.4906, requires_grad=True)"
True,1558040818.0273983,"[tensor(0.5000), tensor(0.0100), tensor(0.2000)]",670,1558040894.927954,120.9890866279602,"tensor(0.3788, requires_grad=True)","tensor(0.3647, requires_grad=True)","tensor(0.4913, requires_grad=True)"
True,1558040818.0273983,"[tensor(0.5000), tensor(0.0100), tensor(0.2000)]",680,1558040896.0359924,126.33853483200073,"tensor(0.3864, requires_grad=True)","tensor(0.3571, requires_grad=True)","tensor(0.4864, requires_grad=True)"
True,1558040818.0273983,"[tensor(0.5000), tensor(0.0100), tensor(0.2000)]",690,1558040897.1370502,124.1387791633606,"tensor(0.3919, requires_grad=True)","tensor(0.3392, requires_grad=True)","tensor(0.4676, requires_grad=True)"
True,1558040818.0273983,"[tensor(0.5000), tensor(0.0100), tensor(0.2000)]",700,1558040898.2510736,120.61356019973755,"tensor(0.3956, requires_grad=True)","tensor(0.3377, requires_grad=True)","tensor(0.4712, requires_grad=True)"
True,1558040818.0273983,"[tensor(0.5000), tensor(0.0100), tensor(0.2000)]",710,1558040899.3501353,104.85258483886719,"tensor(0.3971, requires_grad=True)","tensor(0.3283, requires_grad=True)","tensor(0.4661, requires_grad=True)"
True,1558040818.0273983,"[tensor(0.5000), tensor(0.0100), tensor(0.2000)]",720,1558040900.4661527,113.59130191802979,"tensor(0.4072, requires_grad=True)","tensor(0.3274, requires_grad=True)","tensor(0.4713, requires_grad=True)"
True,1558040818.0273983,"[tensor(0.5000), tensor(0.0100), tensor(0.2000)]",730,1558040901.5682075,130.27786111831665,"tensor(0.4100, requires_grad=True)","tensor(0.3287, requires_grad=True)","tensor(0.4736, requires_grad=True)"
True,1558040818.0273983,"[tensor(0.5000), tensor(0.0100), tensor(0.2000)]",740,1558040902.69719,107.65755462646484,"tensor(0.4123, requires_grad=True)","tensor(0.3148, requires_grad=True)","tensor(0.4664, requires_grad=True)"
True,1558040818.0273983,"[tensor(0.5000), tensor(0.0100), tensor(0.2000)]",750,1558040903.8191917,108.56329154968262,"tensor(0.4198, requires_grad=True)","tensor(0.3142, requires_grad=True)","tensor(0.4712, requires_grad=True)"
True,1558040818.0273983,"[tensor(0.5000), tensor(0.0100), tensor(0.2000)]",760,1558040904.9382012,112.92923974990845,"tensor(0.4250, requires_grad=True)","tensor(0.3145, requires_grad=True)","tensor(0.4765, requires_grad=True)"
True,1558040818.0273983,"[tensor(0.5000), tensor(0.0100), tensor(0.2000)]",770,1558040906.1320105,114.42666006088257,"tensor(0.4252, requires_grad=True)","tensor(0.3035, requires_grad=True)","tensor(0.4734, requires_grad=True)"
True,1558040818.0273983,"[tensor(0.5000), tensor(0.0100), tensor(0.2000)]",780,1558040907.2310734,109.73300123214722,"tensor(0.4237, requires_grad=True)","tensor(0.2861, requires_grad=True)","tensor(0.4710, requires_grad=True)"
True,1558040818.0273983,"[tensor(0.5000), tensor(0.0100), tensor(0.2000)]",790,1558040908.3999496,112.80068445205688,"tensor(0.4284, requires_grad=True)","tensor(0.2840, requires_grad=True)","tensor(0.4712, requires_grad=True)"
True,1558040818.0273983,"[tensor(0.5000), tensor(0.0100), tensor(0.2000)]",800,1558040909.4920318,111.01109790802002,"tensor(0.4290, requires_grad=True)","tensor(0.2897, requires_grad=True)","tensor(0.4831, requires_grad=True)"
True,1558040818.0273983,"[tensor(0.5000), tensor(0.0100), tensor(0.2000)]",810,1558040910.678861,108.68049240112305,"tensor(0.4186, requires_grad=True)","tensor(0.2789, requires_grad=True)","tensor(0.4773, requires_grad=True)"
True,1558040818.0273983,"[tensor(0.5000), tensor(0.0100), tensor(0.2000)]",820,1558040911.8158216,114.43431329727173,"tensor(0.4266, requires_grad=True)","tensor(0.2722, requires_grad=True)","tensor(0.4752, requires_grad=True)"
True,1558040818.0273983,"[tensor(0.5000), tensor(0.0100), tensor(0.2000)]",830,1558040912.914884,109.5491714477539,"tensor(0.4352, requires_grad=True)","tensor(0.2648, requires_grad=True)","tensor(0.4803, requires_grad=True)"
True,1558040818.0273983,"[tensor(0.5000), tensor(0.0100), tensor(0.2000)]",840,1558040914.1076972,109.85225868225098,"tensor(0.4254, requires_grad=True)","tensor(0.2496, requires_grad=True)","tensor(0.4768, requires_grad=True)"
True,1558040818.0273983,"[tensor(0.5000), tensor(0.0100), tensor(0.2000)]",850,1558040915.2356813,105.95364093780518,"tensor(0.4391, requires_grad=True)","tensor(0.2639, requires_grad=True)","tensor(0.4971, requires_grad=True)"
True,1558040818.0273983,"[tensor(0.5000), tensor(0.0100), tensor(0.2000)]",860,1558040916.360676,108.10376214981079,"tensor(0.4353, requires_grad=True)","tensor(0.2624, requires_grad=True)","tensor(0.4929, requires_grad=True)"
True,1558040818.0273983,"[tensor(0.5000), tensor(0.0100), tensor(0.2000)]",870,1558040917.5255713,117.05819654464722,"tensor(0.4287, requires_grad=True)","tensor(0.2562, requires_grad=True)","tensor(0.4830, requires_grad=True)"
True,1558040818.0273983,"[tensor(0.5000), tensor(0.0100), tensor(0.2000)]",880,1558040918.7662644,106.39687871932983,"tensor(0.4407, requires_grad=True)","tensor(0.2653, requires_grad=True)","tensor(0.4971, requires_grad=True)"
True,1558040818.0273983,"[tensor(0.5000), tensor(0.0100), tensor(0.2000)]",890,1558040920.0418537,112.95642805099487,"tensor(0.4468, requires_grad=True)","tensor(0.2542, requires_grad=True)","tensor(0.4836, requires_grad=True)"
True,1558040818.0273983,"[tensor(0.5000), tensor(0.0100), tensor(0.2000)]",900,1558040921.2366424,102.83857488632202,"tensor(0.4438, requires_grad=True)","tensor(0.2454, requires_grad=True)","tensor(0.4731, requires_grad=True)"
True,1558040818.0273983,"[tensor(0.5000), tensor(0.0100), tensor(0.2000)]",910,1558040922.3895614,105.3363299369812,"tensor(0.4421, requires_grad=True)","tensor(0.2475, requires_grad=True)","tensor(0.4735, requires_grad=True)"
True,1558040818.0273983,"[tensor(0.5000), tensor(0.0100), tensor(0.2000)]",920,1558040923.6162872,100.31170272827148,"tensor(0.4494, requires_grad=True)","tensor(0.2489, requires_grad=True)","tensor(0.4717, requires_grad=True)"
True,1558040818.0273983,"[tensor(0.5000), tensor(0.0100), tensor(0.2000)]",930,1558040924.7532487,95.03442001342773,"tensor(0.4404, requires_grad=True)","tensor(0.2321, requires_grad=True)","tensor(0.4572, requires_grad=True)"
True,1558040818.0273983,"[tensor(0.5000), tensor(0.0100), tensor(0.2000)]",940,1558040925.9191327,108.44668912887573,"tensor(0.4465, requires_grad=True)","tensor(0.2440, requires_grad=True)","tensor(0.4689, requires_grad=True)"
True,1558040818.0273983,"[tensor(0.5000), tensor(0.0100), tensor(0.2000)]",950,1558040927.0531034,107.69373416900635,"tensor(0.4525, requires_grad=True)","tensor(0.2463, requires_grad=True)","tensor(0.4715, requires_grad=True)"
True,1558040818.0273983,"[tensor(0.5000), tensor(0.0100), tensor(0.2000)]",960,1558040928.1920593,96.19333744049072,"tensor(0.4499, requires_grad=True)","tensor(0.2341, requires_grad=True)","tensor(0.4650, requires_grad=True)"
True,1558040818.0273983,"[tensor(0.5000), tensor(0.0100), tensor(0.2000)]",970,1558040929.3529558,114.81969451904297,"tensor(0.4547, requires_grad=True)","tensor(0.2412, requires_grad=True)","tensor(0.4771, requires_grad=True)"
True,1558040818.0273983,"[tensor(0.5000), tensor(0.0100), tensor(0.2000)]",980,1558040930.491912,107.5353798866272,"tensor(0.4542, requires_grad=True)","tensor(0.2326, requires_grad=True)","tensor(0.4667, requires_grad=True)"
True,1558040818.0273983,"[tensor(0.5000), tensor(0.0100), tensor(0.2000)]",990,1558040931.6867187,108.18829202651978,"tensor(0.4593, requires_grad=True)","tensor(0.2330, requires_grad=True)","tensor(0.4645, requires_grad=True)"
True,1558040818.0273983,"[tensor(0.5000), tensor(0.0100), tensor(0.2000)]",1000,1558040932.8934941,103.33281993865967,"tensor(0.4550, requires_grad=True)","tensor(0.2208, requires_grad=True)","tensor(0.4505, requires_grad=True)"
True,1558040818.0273983,"[tensor(0.5000), tensor(0.0100), tensor(0.2000)]",1010,1558040934.082317,97.3332576751709,"tensor(0.4631, requires_grad=True)","tensor(0.2145, requires_grad=True)","tensor(0.4485, requires_grad=True)"
True,1558040818.0273983,"[tensor(0.5000), tensor(0.0100), tensor(0.2000)]",1020,1558040935.2083073,91.23633146286011,"tensor(0.4728, requires_grad=True)","tensor(0.2072, requires_grad=True)","tensor(0.4587, requires_grad=True)"
True,1558040818.0273983,"[tensor(0.5000), tensor(0.0100), tensor(0.2000)]",1030,1558040936.3193383,104.80826473236084,"tensor(0.4711, requires_grad=True)","tensor(0.2080, requires_grad=True)","tensor(0.4667, requires_grad=True)"
True,1558040818.0273983,"[tensor(0.5000), tensor(0.0100), tensor(0.2000)]",1040,1558040937.4483209,96.24370861053467,"tensor(0.4591, requires_grad=True)","tensor(0.1973, requires_grad=True)","tensor(0.4614, requires_grad=True)"
True,1558040818.0273983,"[tensor(0.5000), tensor(0.0100), tensor(0.2000)]",1050,1558040938.63116,102.03360605239868,"tensor(0.4731, requires_grad=True)","tensor(0.1943, requires_grad=True)","tensor(0.4739, requires_grad=True)"
True,1558040818.0273983,"[tensor(0.5000), tensor(0.0100), tensor(0.2000)]",1060,1558040939.8419256,102.84404420852661,"tensor(0.4742, requires_grad=True)","tensor(0.1848, requires_grad=True)","tensor(0.4767, requires_grad=True)"
True,1558040818.0273983,"[tensor(0.5000), tensor(0.0100), tensor(0.2000)]",1070,1558040941.0377285,99.00203943252563,"tensor(0.4637, requires_grad=True)","tensor(0.1675, requires_grad=True)","tensor(0.4621, requires_grad=True)"
True,1558040818.0273983,"[tensor(0.5000), tensor(0.0100), tensor(0.2000)]",1080,1558040942.1806753,90.20841884613037,"tensor(0.4705, requires_grad=True)","tensor(0.1646, requires_grad=True)","tensor(0.4662, requires_grad=True)"
True,1558040818.0273983,"[tensor(0.5000), tensor(0.0100), tensor(0.2000)]",1090,1558040943.4173687,96.0952730178833,"tensor(0.4805, requires_grad=True)","tensor(0.1635, requires_grad=True)","tensor(0.4654, requires_grad=True)"
True,1558040818.0273983,"[tensor(0.5000), tensor(0.0100), tensor(0.2000)]",1100,1558040944.5343983,96.88825988769531,"tensor(0.4808, requires_grad=True)","tensor(0.1554, requires_grad=True)","tensor(0.4676, requires_grad=True)"
True,1558040818.0273983,"[tensor(0.5000), tensor(0.0100), tensor(0.2000)]",1110,1558040945.6683676,95.47035646438599,"tensor(0.4756, requires_grad=True)","tensor(0.1417, requires_grad=True)","tensor(0.4763, requires_grad=True)"
True,1558040818.0273983,"[tensor(0.5000), tensor(0.0100), tensor(0.2000)]",1120,1558040946.7993453,80.25117826461792,"tensor(0.4787, requires_grad=True)","tensor(0.1243, requires_grad=True)","tensor(0.4745, requires_grad=True)"
True,1558040818.0273983,"[tensor(0.5000), tensor(0.0100), tensor(0.2000)]",1130,1558040947.9173572,85.60884666442871,"tensor(0.4716, requires_grad=True)","tensor(0.1140, requires_grad=True)","tensor(0.4883, requires_grad=True)"
True,1558040818.0273983,"[tensor(0.5000), tensor(0.0100), tensor(0.2000)]",1140,1558040949.05033,98.43128108978271,"tensor(0.4773, requires_grad=True)","tensor(0.1252, requires_grad=True)","tensor(0.4945, requires_grad=True)"
True,1558040818.0273983,"[tensor(0.5000), tensor(0.0100), tensor(0.2000)]",1150,1558040950.2551098,94.73820638656616,"tensor(0.4850, requires_grad=True)","tensor(0.1343, requires_grad=True)","tensor(0.4921, requires_grad=True)"
True,1558040818.0273983,"[tensor(0.5000), tensor(0.0100), tensor(0.2000)]",1160,1558040951.5147486,97.55530595779419,"tensor(0.4900, requires_grad=True)","tensor(0.1244, requires_grad=True)","tensor(0.4878, requires_grad=True)"
True,1558040818.0273983,"[tensor(0.5000), tensor(0.0100), tensor(0.2000)]",1170,1558040952.6796365,96.23486709594727,"tensor(0.4864, requires_grad=True)","tensor(0.1280, requires_grad=True)","tensor(0.4919, requires_grad=True)"
True,1558040818.0273983,"[tensor(0.5000), tensor(0.0100), tensor(0.2000)]",1180,1558040953.8505063,96.94791507720947,"tensor(0.4776, requires_grad=True)","tensor(0.1196, requires_grad=True)","tensor(0.4867, requires_grad=True)"
True,1558040818.0273983,"[tensor(0.5000), tensor(0.0100), tensor(0.2000)]",1190,1558040954.9944496,97.75214052200317,"tensor(0.4900, requires_grad=True)","tensor(0.1138, requires_grad=True)","tensor(0.4865, requires_grad=True)"
True,1558040818.0273983,"[tensor(0.5000), tensor(0.0100), tensor(0.2000)]",1200,1558040956.2650576,93.71035575866699,"tensor(0.4943, requires_grad=True)","tensor(0.1097, requires_grad=True)","tensor(0.4885, requires_grad=True)"
True,1558040818.0273983,"[tensor(0.5000), tensor(0.0100), tensor(0.2000)]",1210,1558040957.435929,83.56023502349854,"tensor(0.4842, requires_grad=True)","tensor(0.1034, requires_grad=True)","tensor(0.4820, requires_grad=True)"
True,1558040818.0273983,"[tensor(0.5000), tensor(0.0100), tensor(0.2000)]",1220,1558040958.650682,91.14748620986938,"tensor(0.4845, requires_grad=True)","tensor(0.0991, requires_grad=True)","tensor(0.4926, requires_grad=True)"
True,1558040818.0273983,"[tensor(0.5000), tensor(0.0100), tensor(0.2000)]",1230,1558040959.8235471,86.97006845474243,"tensor(0.4834, requires_grad=True)","tensor(0.0969, requires_grad=True)","tensor(0.5073, requires_grad=True)"
True,1558040818.0273983,"[tensor(0.5000), tensor(0.0100), tensor(0.2000)]",1240,1558040961.1101093,91.71874332427979,"tensor(0.4974, requires_grad=True)","tensor(0.0860, requires_grad=True)","tensor(0.5028, requires_grad=True)"
True,1558040818.0273983,"[tensor(0.5000), tensor(0.0100), tensor(0.2000)]",1250,1558040962.38571,82.48132181167603,"tensor(0.4983, requires_grad=True)","tensor(0.0681, requires_grad=True)","tensor(0.4923, requires_grad=True)"
True,1558040818.0273983,"[tensor(0.5000), tensor(0.0100), tensor(0.2000)]",1260,1558040963.5924842,87.5063157081604,"tensor(0.4963, requires_grad=True)","tensor(0.0555, requires_grad=True)","tensor(0.4972, requires_grad=True)"
True,1558040818.0273983,"[tensor(0.5000), tensor(0.0100), tensor(0.2000)]",1270,1558040964.8212004,77.69600486755371,"tensor(0.5059, requires_grad=True)","tensor(0.0443, requires_grad=True)","tensor(0.5110, requires_grad=True)"
True,1558040818.0273983,"[tensor(0.5000), tensor(0.0100), tensor(0.2000)]",1280,1558040966.0040395,64.66214561462402,"tensor(0.4983, requires_grad=True)","tensor(0.0367, requires_grad=True)","tensor(0.5168, requires_grad=True)"
True,1558040818.0273983,"[tensor(0.5000), tensor(0.0100), tensor(0.2000)]",1290,1558040967.1210608,72.06205749511719,"tensor(0.4977, requires_grad=True)","tensor(0.0433, requires_grad=True)","tensor(0.5233, requires_grad=True)"
True,1558040818.0273983,"[tensor(0.5000), tensor(0.0100), tensor(0.2000)]",1300,1558040968.242066,74.88826847076416,"tensor(0.4958, requires_grad=True)","tensor(0.0302, requires_grad=True)","tensor(0.5121, requires_grad=True)"
True,1558040818.0273983,"[tensor(0.5000), tensor(0.0100), tensor(0.2000)]",1310,1558040969.4308882,59.27233934402466,"tensor(0.5099, requires_grad=True)","tensor(0.0033, requires_grad=True)","tensor(0.5059, requires_grad=True)"
True,1558040818.0273983,"[tensor(0.5000), tensor(0.0100), tensor(0.2000)]",1320,1558040970.601759,66.56797552108765,"tensor(0.5080, requires_grad=True)","tensor(-0.0127, requires_grad=True)","tensor(0.5048, requires_grad=True)"
True,1558040818.0273983,"[tensor(0.5000), tensor(0.0100), tensor(0.2000)]",1330,1558040971.721765,63.71435737609863,"tensor(0.5001, requires_grad=True)","tensor(-0.0142, requires_grad=True)","tensor(0.5046, requires_grad=True)"
True,1558040818.0273983,"[tensor(0.5000), tensor(0.0100), tensor(0.2000)]",1340,1558040972.8238199,56.49199390411377,"tensor(0.4928, requires_grad=True)","tensor(0.0059, requires_grad=True)","tensor(0.5016, requires_grad=True)"
True,1558040818.0273983,"[tensor(0.5000), tensor(0.0100), tensor(0.2000)]",1350,1558040973.9458213,55.365591049194336,"tensor(0.4982, requires_grad=True)","tensor(0.0038, requires_grad=True)","tensor(0.4998, requires_grad=True)"
True,1558040818.0273983,"[tensor(0.5000), tensor(0.0100), tensor(0.2000)]",1360,1558040975.077796,59.375629901885986,"tensor(0.5098, requires_grad=True)","tensor(-0.0052, requires_grad=True)","tensor(0.5065, requires_grad=True)"
True,1558040818.0273983,"[tensor(0.5000), tensor(0.0100), tensor(0.2000)]",1370,1558040976.2087734,48.75091552734375,"tensor(0.4987, requires_grad=True)","tensor(-0.0084, requires_grad=True)","tensor(0.4868, requires_grad=True)"
True,1558040818.0273983,"[tensor(0.5000), tensor(0.0100), tensor(0.2000)]",1380,1558040977.3596976,53.69056749343872,"tensor(0.5070, requires_grad=True)","tensor(-0.0139, requires_grad=True)","tensor(0.4719, requires_grad=True)"
True,1558040818.0273983,"[tensor(0.5000), tensor(0.0100), tensor(0.2000)]",1390,1558040978.5475242,66.52438068389893,"tensor(0.5122, requires_grad=True)","tensor(-0.0084, requires_grad=True)","tensor(0.4772, requires_grad=True)"
True,1558040818.0273983,"[tensor(0.5000), tensor(0.0100), tensor(0.2000)]",1400,1558040979.8221178,57.267508029937744,"tensor(0.5005, requires_grad=True)","tensor(-0.0120, requires_grad=True)","tensor(0.4682, requires_grad=True)"
True,1558040818.0273983,"[tensor(0.5000), tensor(0.0100), tensor(0.2000)]",1410,1558040980.96606,63.0006160736084,"tensor(0.4957, requires_grad=True)","tensor(-0.0129, requires_grad=True)","tensor(0.4724, requires_grad=True)"
True,1558040818.0273983,"[tensor(0.5000), tensor(0.0100), tensor(0.2000)]",1420,1558040982.191794,52.36052179336548,"tensor(0.5092, requires_grad=True)","tensor(-0.0039, requires_grad=True)","tensor(0.4732, requires_grad=True)"
True,1558040818.0273983,"[tensor(0.5000), tensor(0.0100), tensor(0.2000)]",1430,1558040983.3749075,62.26570463180542,"tensor(0.5151, requires_grad=True)","tensor(0.0101, requires_grad=True)","tensor(0.4738, requires_grad=True)"
True,1558040818.0273983,"[tensor(0.5000), tensor(0.0100), tensor(0.2000)]",1440,1558040984.6445136,57.19764566421509,"tensor(0.5043, requires_grad=True)","tensor(0.0102, requires_grad=True)","tensor(0.4705, requires_grad=True)"
True,1558040818.0273983,"[tensor(0.5000), tensor(0.0100), tensor(0.2000)]",1450,1558040985.9091349,60.06876993179321,"tensor(0.4980, requires_grad=True)","tensor(-0.0089, requires_grad=True)","tensor(0.4737, requires_grad=True)"
True,1558040818.0273983,"[tensor(0.5000), tensor(0.0100), tensor(0.2000)]",1460,1558040987.0660427,63.623162269592285,"tensor(0.5088, requires_grad=True)","tensor(-0.0135, requires_grad=True)","tensor(0.4795, requires_grad=True)"
True,1558040818.0273983,"[tensor(0.5000), tensor(0.0100), tensor(0.2000)]",1470,1558040988.1900377,42.38426971435547,"tensor(0.5119, requires_grad=True)","tensor(0.0010, requires_grad=True)","tensor(0.4751, requires_grad=True)"
True,1558040818.0273983,"[tensor(0.5000), tensor(0.0100), tensor(0.2000)]",1480,1558040989.340962,58.936455726623535,"tensor(0.4980, requires_grad=True)","tensor(0.0003, requires_grad=True)","tensor(0.4675, requires_grad=True)"
True,1558040818.0273983,"[tensor(0.5000), tensor(0.0100), tensor(0.2000)]",1490,1558040990.4480033,51.82462739944458,"tensor(0.5128, requires_grad=True)","tensor(0.0012, requires_grad=True)","tensor(0.4776, requires_grad=True)"
True,1558040818.0273983,"[tensor(0.5000), tensor(0.0100), tensor(0.2000)]",1500,1558040991.6577754,56.34511709213257,"tensor(0.5153, requires_grad=True)","tensor(0.0069, requires_grad=True)","tensor(0.4775, requires_grad=True)"
True,1558040818.0273983,"[tensor(0.5000), tensor(0.0100), tensor(0.2000)]",1510,1558040992.8126907,58.629101276397705,"tensor(0.5015, requires_grad=True)","tensor(0.0011, requires_grad=True)","tensor(0.4693, requires_grad=True)"
True,1558040818.0273983,"[tensor(0.5000), tensor(0.0100), tensor(0.2000)]",1520,1558040993.9426692,59.12296485900879,"tensor(0.5083, requires_grad=True)","tensor(0.0021, requires_grad=True)","tensor(0.4815, requires_grad=True)"
True,1558040818.0273983,"[tensor(0.5000), tensor(0.0100), tensor(0.2000)]",1530,1558040995.0556943,60.2515344619751,"tensor(0.5098, requires_grad=True)","tensor(-0.0004, requires_grad=True)","tensor(0.4921, requires_grad=True)"
True,1558040818.0273983,"[tensor(0.5000), tensor(0.0100), tensor(0.2000)]",1540,1558040996.1567516,49.22437381744385,"tensor(0.5105, requires_grad=True)","tensor(-0.0045, requires_grad=True)","tensor(0.4739, requires_grad=True)"
True,1558040818.0273983,"[tensor(0.5000), tensor(0.0100), tensor(0.2000)]",1550,1558040997.2817452,57.461477756500244,"tensor(0.5057, requires_grad=True)","tensor(-0.0118, requires_grad=True)","tensor(0.4712, requires_grad=True)"
True,1558040818.0273983,"[tensor(0.5000), tensor(0.0100), tensor(0.2000)]",1560,1558040998.388787,65.0298113822937,"tensor(0.4984, requires_grad=True)","tensor(-0.0125, requires_grad=True)","tensor(0.4774, requires_grad=True)"
True,1558040818.0273983,"[tensor(0.5000), tensor(0.0100), tensor(0.2000)]",1570,1558040999.6025531,51.050793170928955,"tensor(0.5157, requires_grad=True)","tensor(0.0015, requires_grad=True)","tensor(0.4880, requires_grad=True)"
True,1558040818.0273983,"[tensor(0.5000), tensor(0.0100), tensor(0.2000)]",1580,1558041000.8332648,53.93581008911133,"tensor(0.5075, requires_grad=True)","tensor(0.0133, requires_grad=True)","tensor(0.4769, requires_grad=True)"
True,1558040818.0273983,"[tensor(0.5000), tensor(0.0100), tensor(0.2000)]",1590,1558041002.0370471,64.66517639160156,"tensor(0.5049, requires_grad=True)","tensor(0.0300, requires_grad=True)","tensor(0.4636, requires_grad=True)"
True,1558040818.0273983,"[tensor(0.5000), tensor(0.0100), tensor(0.2000)]",1600,1558041003.2208846,72.44834804534912,"tensor(0.5107, requires_grad=True)","tensor(0.0265, requires_grad=True)","tensor(0.4578, requires_grad=True)"
True,1558040818.0273983,"[tensor(0.5000), tensor(0.0100), tensor(0.2000)]",1610,1558041004.616274,60.744407176971436,"tensor(0.5180, requires_grad=True)","tensor(0.0064, requires_grad=True)","tensor(0.4684, requires_grad=True)"
True,1558040818.0273983,"[tensor(0.5000), tensor(0.0100), tensor(0.2000)]",1620,1558041005.9497104,48.66281270980835,"tensor(0.5006, requires_grad=True)","tensor(-0.0033, requires_grad=True)","tensor(0.4720, requires_grad=True)"
True,1558040818.0273983,"[tensor(0.5000), tensor(0.0100), tensor(0.2000)]",1630,1558041007.2751694,56.88052940368652,"tensor(0.5085, requires_grad=True)","tensor(-0.0007, requires_grad=True)","tensor(0.4766, requires_grad=True)"
True,1558040818.0273983,"[tensor(0.5000), tensor(0.0100), tensor(0.2000)]",1640,1558041008.5328338,59.697622299194336,"tensor(0.5186, requires_grad=True)","tensor(0.0129, requires_grad=True)","tensor(0.4752, requires_grad=True)"
True,1558040818.0273983,"[tensor(0.5000), tensor(0.0100), tensor(0.2000)]",1650,1558041009.830851,54.9228572845459,"tensor(0.5060, requires_grad=True)","tensor(0.0129, requires_grad=True)","tensor(0.4642, requires_grad=True)"
True,1558040818.0273983,"[tensor(0.5000), tensor(0.0100), tensor(0.2000)]",1660,1558041011.0765224,59.235976219177246,"tensor(0.5082, requires_grad=True)","tensor(0.0008, requires_grad=True)","tensor(0.4568, requires_grad=True)"
True,1558040818.0273983,"[tensor(0.5000), tensor(0.0100), tensor(0.2000)]",1670,1558041012.2304385,55.23356342315674,"tensor(0.5114, requires_grad=True)","tensor(-0.0070, requires_grad=True)","tensor(0.4663, requires_grad=True)"
True,1558040818.0273983,"[tensor(0.5000), tensor(0.0100), tensor(0.2000)]",1680,1558041013.5648727,52.92372274398804,"tensor(0.5163, requires_grad=True)","tensor(0.0025, requires_grad=True)","tensor(0.4725, requires_grad=True)"
True,1558040818.0273983,"[tensor(0.5000), tensor(0.0100), tensor(0.2000)]",1690,1558041014.8943288,53.47852182388306,"tensor(0.5275, requires_grad=True)","tensor(-0.0007, requires_grad=True)","tensor(0.4586, requires_grad=True)"
True,1558040818.0273983,"[tensor(0.5000), tensor(0.0100), tensor(0.2000)]",1700,1558041016.1110764,62.47158241271973,"tensor(0.5316, requires_grad=True)","tensor(-0.0095, requires_grad=True)","tensor(0.4637, requires_grad=True)"
True,1558040818.0273983,"[tensor(0.5000), tensor(0.0100), tensor(0.2000)]",1710,1558041017.3038878,58.971917152404785,"tensor(0.5245, requires_grad=True)","tensor(-0.0088, requires_grad=True)","tensor(0.4609, requires_grad=True)"
True,1558040818.0273983,"[tensor(0.5000), tensor(0.0100), tensor(0.2000)]",1720,1558041018.51565,59.56696891784668,"tensor(0.5027, requires_grad=True)","tensor(0.0064, requires_grad=True)","tensor(0.4654, requires_grad=True)"
True,1558040818.0273983,"[tensor(0.5000), tensor(0.0100), tensor(0.2000)]",1730,1558041019.6506157,57.1488938331604,"tensor(0.5118, requires_grad=True)","tensor(0.0009, requires_grad=True)","tensor(0.4725, requires_grad=True)"
True,1558040818.0273983,"[tensor(0.5000), tensor(0.0100), tensor(0.2000)]",1740,1558041020.762644,54.058061599731445,"tensor(0.5189, requires_grad=True)","tensor(-0.0025, requires_grad=True)","tensor(0.4634, requires_grad=True)"
True,1558040818.0273983,"[tensor(0.5000), tensor(0.0100), tensor(0.2000)]",1750,1558041021.926535,52.68307542800903,"tensor(0.5208, requires_grad=True)","tensor(0.0119, requires_grad=True)","tensor(0.4536, requires_grad=True)"
True,1558040818.0273983,"[tensor(0.5000), tensor(0.0100), tensor(0.2000)]",1760,1558041023.0744665,60.972228050231934,"tensor(0.5233, requires_grad=True)","tensor(0.0161, requires_grad=True)","tensor(0.4582, requires_grad=True)"
True,1558040818.0273983,"[tensor(0.5000), tensor(0.0100), tensor(0.2000)]",1770,1558041024.2233949,55.104806423187256,"tensor(0.5171, requires_grad=True)","tensor(0.0121, requires_grad=True)","tensor(0.4670, requires_grad=True)"
True,1558040818.0273983,"[tensor(0.5000), tensor(0.0100), tensor(0.2000)]",1780,1558041025.4182024,52.140119552612305,"tensor(0.5114, requires_grad=True)","tensor(-0.0065, requires_grad=True)","tensor(0.4695, requires_grad=True)"
True,1558040818.0273983,"[tensor(0.5000), tensor(0.0100), tensor(0.2000)]",1790,1558041026.6598842,60.0874457359314,"tensor(0.5195, requires_grad=True)","tensor(-0.0207, requires_grad=True)","tensor(0.4657, requires_grad=True)"
True,1558040818.0273983,"[tensor(0.5000), tensor(0.0100), tensor(0.2000)]",1800,1558041027.8387337,65.48126554489136,"tensor(0.5108, requires_grad=True)","tensor(-0.0087, requires_grad=True)","tensor(0.4468, requires_grad=True)"
True,1558040818.0273983,"[tensor(0.5000), tensor(0.0100), tensor(0.2000)]",1810,1558041028.978686,51.764042377471924,"tensor(0.5203, requires_grad=True)","tensor(0.0085, requires_grad=True)","tensor(0.4542, requires_grad=True)"
True,1558040818.0273983,"[tensor(0.5000), tensor(0.0100), tensor(0.2000)]",1820,1558041030.1555426,57.92304992675781,"tensor(0.5166, requires_grad=True)","tensor(0.0062, requires_grad=True)","tensor(0.4649, requires_grad=True)"
True,1558040818.0273983,"[tensor(0.5000), tensor(0.0100), tensor(0.2000)]",1830,1558041031.326412,62.519429206848145,"tensor(0.5077, requires_grad=True)","tensor(-0.0041, requires_grad=True)","tensor(0.4628, requires_grad=True)"
True,1558040818.0273983,"[tensor(0.5000), tensor(0.0100), tensor(0.2000)]",1840,1558041032.492296,61.53889989852905,"tensor(0.5058, requires_grad=True)","tensor(-0.0170, requires_grad=True)","tensor(0.4630, requires_grad=True)"
True,1558040818.0273983,"[tensor(0.5000), tensor(0.0100), tensor(0.2000)]",1850,1558041033.639231,53.97092866897583,"tensor(0.5274, requires_grad=True)","tensor(-0.0118, requires_grad=True)","tensor(0.4637, requires_grad=True)"
True,1558040818.0273983,"[tensor(0.5000), tensor(0.0100), tensor(0.2000)]",1860,1558041034.8460057,54.13075637817383,"tensor(0.5273, requires_grad=True)","tensor(0.0042, requires_grad=True)","tensor(0.4585, requires_grad=True)"
True,1558040818.0273983,"[tensor(0.5000), tensor(0.0100), tensor(0.2000)]",1870,1558041036.0727284,59.82575273513794,"tensor(0.5148, requires_grad=True)","tensor(0.0139, requires_grad=True)","tensor(0.4466, requires_grad=True)"
True,1558040818.0273983,"[tensor(0.5000), tensor(0.0100), tensor(0.2000)]",1880,1558041037.2146761,55.302234172821045,"tensor(0.5142, requires_grad=True)","tensor(0.0152, requires_grad=True)","tensor(0.4582, requires_grad=True)"
True,1558040818.0273983,"[tensor(0.5000), tensor(0.0100), tensor(0.2000)]",1890,1558041038.414469,49.321155071258545,"tensor(0.5158, requires_grad=True)","tensor(0.0005, requires_grad=True)","tensor(0.4687, requires_grad=True)"
True,1558040818.0273983,"[tensor(0.5000), tensor(0.0100), tensor(0.2000)]",1900,1558041039.6352065,57.59879112243652,"tensor(0.5013, requires_grad=True)","tensor(-0.0069, requires_grad=True)","tensor(0.4601, requires_grad=True)"
True,1558040818.0273983,"[tensor(0.5000), tensor(0.0100), tensor(0.2000)]",1910,1558041040.8190446,67.39517641067505,"tensor(0.5132, requires_grad=True)","tensor(-0.0184, requires_grad=True)","tensor(0.4571, requires_grad=True)"
True,1558040818.0273983,"[tensor(0.5000), tensor(0.0100), tensor(0.2000)]",1920,1558041041.9609907,65.9420428276062,"tensor(0.5200, requires_grad=True)","tensor(-0.0244, requires_grad=True)","tensor(0.4583, requires_grad=True)"
True,1558040818.0273983,"[tensor(0.5000), tensor(0.0100), tensor(0.2000)]",1930,1558041043.1548004,57.10060739517212,"tensor(0.5258, requires_grad=True)","tensor(-0.0150, requires_grad=True)","tensor(0.4600, requires_grad=True)"
True,1558040818.0273983,"[tensor(0.5000), tensor(0.0100), tensor(0.2000)]",1940,1558041044.3775325,55.19287824630737,"tensor(0.5142, requires_grad=True)","tensor(0.0063, requires_grad=True)","tensor(0.4510, requires_grad=True)"
True,1558040818.0273983,"[tensor(0.5000), tensor(0.0100), tensor(0.2000)]",1950,1558041045.5474072,65.98928594589233,"tensor(0.5052, requires_grad=True)","tensor(0.0147, requires_grad=True)","tensor(0.4524, requires_grad=True)"
True,1558040818.0273983,"[tensor(0.5000), tensor(0.0100), tensor(0.2000)]",1960,1558041046.8050447,66.75611543655396,"tensor(0.5149, requires_grad=True)","tensor(0.0194, requires_grad=True)","tensor(0.4517, requires_grad=True)"
